Title,Property,Last edited by,Last edited time,Tags
Jawaskrip,Pemrograman Dasar Teknik Informatika 2023,006_NaufalFarrasPratama _TIA22,"September 15, 2023 12:47 PM",Easy
Ramah Tawa,,Helmy,"September 11, 2023 9:33 PM",Easy
Samakah?,Pemrograman Dasar Teknik Informatika 2023,Helmy,"September 12, 2023 3:55 PM",Easy
A + B,Pemrograman Dasar Teknik Informatika 2023,Helmy,"September 12, 2023 3:55 PM",Easy
Burung Beo,Pemrograman Dasar Teknik Informatika 2023,Helmy,"September 12, 2023 3:55 PM",Easy
Volume Kerucut,,"020_AhmdMufahrasLiAlfazhAssardew_TIA22 ","September 13, 2023 9:27 AM",Medium
Transportation,,"020_AhmdMufahrasLiAlfazhAssardew_TIA22 ","September 13, 2023 8:26 AM",Medium
Orang Konser,Pemrograman Dasar Teknik Informatika 2023,006_NaufalFarrasPratama _TIA22,"September 15, 2023 12:47 PM",Medium
Pesta Ayam,Pemrograman Dasar Teknik Informatika 2023,Helmy,"August 12, 2023 7:47 PM",Medium
Penimbangan,Pemrograman Dasar Teknik Informatika 2023,Helmy,"August 12, 2023 7:32 PM",Medium
Volume Tabung,Pemrograman Dasar Teknik Informatika 2023,Helmy,"August 12, 2023 11:39 AM",Medium
Nilai Akhir,Pemrograman Dasar Teknik Informatika 2023,Muhammad Istiqlal,"August 12, 2023 9:36 PM",Medium
Manipulasi Bitx,,Muhammad Istiqlal,"September 15, 2023 3:58 PM",Hard
Perkalian ASCII,,Helmy,"September 11, 2023 9:49 PM",Hard
Kode Pintar,,Helmy,"September 11, 2023 9:33 PM",Hard
Suka Buku,Pemrograman Dasar Teknik Informatika 2023,Helmy,"August 12, 2023 7:32 PM",Hard
Tantangan Pengukuran Misterius,Pemrograman Dasar Teknik Informatika 2023,Helmy,"August 12, 2023 11:39 AM",Hard
,,006_NaufalFarrasPratama _TIA22,"September 11, 2023 11:42 PM",